{
  "total_sentences": 46,
  "mean_cosine_distance": 0.26402702927589417,
  "variance": 0.030453339219093323,
  "standard_deviation": 0.17450885474681854,
  "min_distance": 0.0,
  "max_distance": 0.7602335214614868,
  "interpretation": {
    "note": "Lower cosine distance = Higher semantic similarity",
    "perfect_match": 0.0,
    "completely_different": 1.0
  }
}